"country","year","log_gdp","percent_growth"
"Albania",2014,8.4291558063694,-0.14697543466907
"Albania",2015,8.28218037170033,0.0424119044811473
"Albania",2016,8.32459227618148,0.0941127766042982
"Albania",2017,8.41870505278577,0.169037809116759
"Albania",2018,8.58774286190253,0.0175396354457966
"Algeria",2014,8.71517382293498,-0.263040029195611
"Algeria",2015,8.45213379373937,-0.0571115605966472
"Algeria",2016,8.39502223314272,0.0288855859622359
"Algeria",2017,8.42390781910495,0.00493716587230075
"Algeria",2018,8.42884498497726,-0.0240473485135997
"Angola",2014,8.5183924202538,-0.443151175908911
"Angola",2015,8.07524124434489,-0.575290731939475
"Angola",2016,7.49995051240542,0.29867910591498
"Angola",2017,7.7986296183204,0.0407350173886636
"Angola",2018,7.83936463570906,-0.147773699087227
"Argentina",2014,9.41190430193105,0.111758586241187
"Argentina",2015,9.52366288817224,-0.0743085834464967
"Argentina",2016,9.44935430472574,0.134788558844257
"Argentina",2017,9.58414286357,-0.212296083873253
"Argentina",2018,9.37184677969675,-0.165918648655218
"Armenia",2014,8.25637840744358,-0.0923254136918299
"Armenia",2015,8.16405299375175,0.00341952207902452
"Armenia",2016,8.16747251583078,0.0932927284088407
"Armenia",2017,8.26076524423962,0.0811230653614672
"Armenia",2018,8.34188830960109,0.0913206726533993
"Aruba",2014,10.1708331992917,0.049587850483686
"Aruba",2015,10.2204210497754,-0.000608223862482049
"Aruba",2016,10.2198128259129,0.0357408850068133
"Aruba",2017,10.2555537109197,0.0561327973553745
"Aruba",2018,10.3116865082751,0.0331545589740845
"Australia",2014,11.0436269851282,-0.0974094335921301
"Australia",2015,10.9462175515361,-0.128680956234394
"Australia",2016,10.8175365953017,0.0773809707369875
"Australia",2017,10.8949175660387,0.0593290583238719
"Australia",2018,10.9542466243625,-0.039654614451889
"Austria",2014,10.845737845497,-0.155721426855942
"Austria",2015,10.6900164186411,0.025767070202134
"Austria",2016,10.7157834888432,0.0455972218620619
"Austria",2017,10.7613807107052,0.0819983705790488
"Austria",2018,10.8433790812843,-0.0258835054719739
"Azerbaijan",2014,8.97345790766228,-0.360862968634178
"Azerbaijan",2015,8.6125949390281,-0.348827916848998
"Azerbaijan",2016,8.2637670221791,0.066421216525578
"Azerbaijan",2017,8.33018823870468,0.133560780950061
"Azerbaijan",2018,8.46374901965474,0.0138201506344835
"Bahamas, The",2014,10.2648480996708,0.0537050699200439
"Bahamas, The",2015,10.3185531695908,-0.000753561514532208
"Bahamas, The",2016,10.3177996080763,0.0347610266407141
"Bahamas, The",2017,10.352560634717,0.0248106693323873
"Bahamas, The",2018,10.3773713040494,0.0262713480615684
"Bahrain",2014,10.1830793578531,-0.10841313764541
"Bahrain",2015,10.0746662202077,0.00277469995604029
"Bahrain",2016,10.0774409201638,0.0405436842157325
"Bahrain",2017,10.1179846043795,0.0602671929574541
"Bahrain",2018,10.178251797337,0.0349145116845389
"Bangladesh",2014,6.99801819456933,0.112176967847665
"Bangladesh",2015,7.110195162417,0.29790125509691
"Bangladesh",2016,7.40809641751391,0.0935834380137841
"Bangladesh",2017,7.50167985552769,0.0816916951807718
"Bangladesh",2018,7.58337155070846,0.0804113232592201
"Belarus",2014,9.02897317679428,-0.334962119477302
"Belarus",2015,8.69401105731698,-0.168894219266505
"Belarus",2016,8.52511683805047,0.137999101034088
"Belarus",2017,8.66311593908456,0.0946760664285904
"Belarus",2018,8.75779200551315,0.0724246830065329
"Belgium",2014,10.7788683422727,-0.160134489955453
"Belgium",2015,10.6187338523173,0.0232219352537228
"Belgium",2016,10.641955787571,0.0507916200625118
"Belgium",2017,10.6927474076335,0.0754682838158054
"Belgium",2018,10.7682156914493,-0.01636036358917
"Belize",2014,8.72064702789142,0.004291112166392
"Belize",2015,8.72493814005781,-0.00195124209310293
"Belize",2016,8.72298689796471,-0.0114476223601443
"Belize",2017,8.71153927560456,-0.00682450497641085
"Belize",2018,8.70471477062815,0.025983337023753
"Benin",2014,7.09373612158244,-0.183564894354925
"Benin",2015,6.91017122722752,0.00806285284378028
"Benin",2016,6.9182340800713,0.0430373977645644
"Benin",2017,6.96127147783586,0.0877584857063205
"Benin",2018,7.04902996354218,-0.0183304548094148
"Bermuda",2014,11.5224952937387,0.0378419267845427
"Bermuda",2015,11.5603372205232,0.036445416408025
"Bermuda",2016,11.5967826369313,0.032497516092425
"Bermuda",2017,11.6292801530237,0.00767388887680376
"Bermuda",2018,11.6369540419005,0.0226488832518594
"Bhutan",2014,7.95489881471285,0.0360304668341165
"Bhutan",2015,7.99092928154697,0.0649612137994247
"Bhutan",2016,8.05589049534639,0.0859655625628353
"Bhutan",2017,8.14185605790923,-0.0102652985197036
"Bhutan",2018,8.13159075938952,0.0506553955761664
"Bolivia",2014,8.02008473269092,-0.0150470829896499
"Bolivia",2015,8.00503764970127,0.0132168140328215
"Bolivia",2016,8.0182544637341,0.085331465619209
"Bolivia",2017,8.1035859293533,0.0571398457317134
"Bolivia",2018,8.16072577508502,0.000904999304859544
"Bosnia and Herzegovina",2014,8.55757968305488,-0.110324344408365
"Bosnia and Herzegovina",2015,8.44725533864651,0.0555481203895951
"Bosnia and Herzegovina",2016,8.50280345903611,0.0811170791027624
"Bosnia and Herzegovina",2017,8.58392053813887,0.123536890473694
"Bosnia and Herzegovina",2018,8.70745742861256,0.0122479998594898
"Botswana",2014,8.87099500462493,-0.148218920132125
"Botswana",2015,8.7227760844928,0.0943824219714209
"Botswana",2016,8.81715850646422,0.0513904687480249
"Botswana",2017,8.86854897521225,0.0417613206721832
"Botswana",2018,8.91031029588443,-0.0323579730890309
"Brazil",2014,9.41531946142024,-0.317454118003681
"Brazil",2015,9.09786534341656,-0.0112433522859536
"Brazil",2016,9.0866219911306,0.131737073027995
"Brazil",2017,9.2183590641586,-0.0805182424941773
"Brazil",2018,9.13784082166442,-0.0295516397649429
"Brunei Darussalam",2014,10.6219736828631,-0.292397531596359
"Brunei Darussalam",2015,10.3295761512668,-0.138532884761753
"Brunei Darussalam",2016,10.191043266505,0.0497869458669644
"Brunei Darussalam",2017,10.240830212372,0.100528941182169
"Brunei Darussalam",2018,10.3413591535541,-0.0182875351450225
"Bulgaria",2014,8.97617061031296,-0.111302407910156
"Bulgaria",2015,8.86486820240281,0.0672032084506675
"Bulgaria",2016,8.93207141085347,0.101756261721279
"Bulgaria",2017,9.03382767257475,0.118475113214471
"Bulgaria",2018,9.15230278578922,0.0417659776799404
"Burkina Faso",2014,6.63969500061445,-0.193777183688822
"Burkina Faso",2015,6.44591781692563,0.0519762524381813
"Burkina Faso",2016,6.49789406936381,0.0660905544766504
"Burkina Faso",2017,6.56398462384046,0.0920547986563918
"Burkina Faso",2018,6.65603942249685,-0.01635566227867
"Burundi",2014,5.52362050866646,0.114616115621955
"Burundi",2015,5.63823662428841,-0.177433955858002
"Burundi",2016,5.46080266843041,0.00596749589460366
"Burundi",2017,5.46677016432501,-0.0511170070085685
"Burundi",2018,5.41565315731645,-0.0674200959605784
"Cabo Verde",2014,8.29044491713782,-0.154493794788852
"Cabo Verde",2015,8.13595112234897,0.0552254796450171
"Cabo Verde",2016,8.19117660199398,0.0757833338063456
"Cabo Verde",2017,8.26695993580033,0.098238774021576
"Cabo Verde",2018,8.36519870982191,0.0197836319832412
"Cambodia",2014,7.26652280743788,0.0777569409288068
"Cambodia",2015,7.34427974836669,0.0794054395254351
"Cambodia",2016,7.42368518789212,0.0863916754019849
"Cambodia",2017,7.51007686329411,0.10899639086836
"Cambodia",2018,7.61907325416247,0.0888330447910191
"Cameroon",2014,7.40819317119522,-0.153308292566647
"Cameroon",2015,7.25488487862857,0.0187073656002354
"Cameroon",2016,7.27359224422881,0.0370177507506728
"Cameroon",2017,7.31060999497948,0.0738119259951642
"Cameroon",2018,7.38442192097464,-0.0350453802903097
"Canada",2014,10.8388128348502,-0.156133577224026
"Canada",2015,10.6826792576261,-0.0298045227736274
"Canada",2016,10.6528747348525,0.0644195177396014
"Canada",2017,10.7172942525921,0.0307554823455742
"Canada",2018,10.7480497349377,-0.00401125992665285
"Chile",2014,9.5839485071771,-0.0784103540759453
"Chile",2015,9.50553815310116,0.0159458086253697
"Chile",2016,9.52148396172653,0.0862832055126681
"Chile",2017,9.60776716723919,0.0510646516922684
"Chile",2018,9.65883181893146,-0.0772233327822534
"China",2014,8.94063892026184,0.0486114897164409
"China",2015,8.98925040997828,0.0096761187681782
"China",2016,8.99892652874646,0.0855155990616776
"China",2017,9.08444212780814,0.116393858549518
"China",2018,9.20083598635766,0.0237879106502792
"Colombia",2014,9.01032824559869,-0.270229146303205
"Colombia",2015,8.74009909929548,-0.0472997650886029
"Colombia",2016,8.69279933420688,0.0836042786150255
"Colombia",2017,8.77640361282191,0.0507664912276553
"Colombia",2018,8.82717010404956,-0.0518453705867987
"Comoros",2014,7.3875342466668,-0.195073459307638
"Comoros",2015,7.19246078735916,0.0268034610658807
"Comoros",2016,7.21926424842504,0.0419080352705219
"Comoros",2017,7.26117228369557,0.078827203121989
"Comoros",2018,7.33999948681755,-0.0140182902883552
"Congo, Dem. Rep.",2014,6.1268791006589,0.0214066583007426
"Congo, Dem. Rep.",2015,6.14828575895964,-0.056273697901708
"Congo, Dem. Rep.",2016,6.09201206105794,-0.0130300396949874
"Congo, Dem. Rep.",2017,6.07898202136295,0.190599030808938
"Congo, Dem. Rep.",2018,6.26958105217189,0.0530634688136473
"Costa Rica",2014,9.29757236362861,0.0710282836364087
"Costa Rica",2015,9.36860064726502,0.0316185003234537
"Costa Rica",2016,9.40021914758847,0.0185238830330601
"Costa Rica",2017,9.41874303062153,0.0219349040046453
"Costa Rica",2018,9.44067793462618,0.023116818741542
"Cote d'Ivoire",2014,7.59657581007878,-0.092890143723718
"Cote d'Ivoire",2015,7.50368566635506,0.0260408106248242
"Cote d'Ivoire",2016,7.52972647697988,0.0531643949265028
"Cote d'Ivoire",2017,7.58289087190638,0.0813929679815191
"Cote d'Ivoire",2018,7.6642838398879,0.00510326428240315
"Croatia",2014,9.56014966266311,-0.143990692623829
"Croatia",2015,9.41615897003929,0.0426943170863705
"Croatia",2016,9.45885328712566,0.0809800982538
"Croatia",2017,9.53983338537946,0.106204995257452
"Croatia",2018,9.64603838063691,0.00666567879014579
"Cyprus",2014,10.2126014964036,-0.148389411237268
"Cyprus",2015,10.0642120851664,0.0509597837273716
"Cyprus",2016,10.1151718688937,0.0771342436724485
"Cyprus",2017,10.1923061125662,0.103223065921538
"Cyprus",2018,10.2955291784877,0.00347592654288675
"Czechia",2014,9.90540652612798,-0.111086796186628
"Czechia",2015,9.79431972994136,0.044840941459876
"Czechia",2016,9.83916067140123,0.108975032811433
"Czechia",2017,9.94813570421266,0.125344928290414
"Czechia",2018,10.0734806325031,0.0149383597843471
"Denmark",2014,11.0432489977212,-0.16342953959661
"Denmark",2015,10.8798194581246,0.0261535139420541
"Denmark",2016,10.9059729720666,0.0539419931912466
"Denmark",2017,10.9599149652579,0.0640240962790291
"Denmark",2018,11.0239390615369,-0.0318177351963183
"Djibouti",2014,7.70014947211373,0.0730770466193036
"Djibouti",2015,7.77322651873304,0.0549828166478408
"Djibouti",2016,7.82820933538088,0.0423214074151197
"Djibouti",2017,7.870530742796,0.0371522432546092
"Djibouti",2018,7.90768298605061,0.0428797335114046
"Dominica",2014,8.90860029344229,0.0377527793378292
"Dominica",2015,8.94635307278011,0.0750576794868483
"Dominica",2016,9.02141075226696,-0.0836221249651246
"Dominica",2017,8.93778862730184,0.0664576722089958
"Dominica",2018,9.00424629951083,0.101743059865582
"Dominican Republic",2014,8.78147987055228,0.0461249465115436
"Dominican Republic",2015,8.82760481706383,0.0507286234007864
"Dominican Republic",2016,8.87833344046461,0.0442839064879088
"Dominican Republic",2017,8.92261734695252,0.0564189434721616
"Dominican Republic",2018,8.97903629042468,0.0284802798075958
"Ecuador",2014,8.7649590766367,-0.0694256297995004
"Ecuador",2015,8.6955334468372,-0.00984083356099852
"Ecuador",2016,8.6856926132762,0.0519721545866858
"Ecuador",2017,8.73766476786288,0.0112620027101507
"Ecuador",2018,8.74892677057303,-0.0158067909467832
"Egypt, Arab Rep.",2014,8.04987109101624,0.053920056180484
"Egypt, Arab Rep.",2015,8.10379114719672,-0.0110536152457694
"Egypt, Arab Rep.",2016,8.09273753195095,-0.311555877733956
"Egypt, Arab Rep.",2017,7.781181654217,0.0367268228525388
"Egypt, Arab Rep.",2018,7.81790847706954,0.176045331043779
"El Salvador",2014,8.20685983510416,0.0333514037823992
"El Salvador",2015,8.24021123888656,0.0288641624096595
"El Salvador",2016,8.26907540129622,0.0299933007155992
"El Salvador",2017,8.29906870201182,0.039845839437902
"El Salvador",2018,8.33891454144972,0.0321231567845874
"Estonia",2014,9.93216197839524,-0.149591104186628
"Estonia",2015,9.78257087420861,0.0519081093959297
"Estonia",2016,9.83447898360454,0.110703255345472
"Estonia",2017,9.94518223895002,0.124587937018802
"Estonia",2018,10.0697701759688,0.0169239641059917
"Ethiopia",2014,6.30989387265598,0.122798076436379
"Ethiopia",2015,6.43269194909236,0.112939115178746
"Ethiopia",2016,6.5456310642711,0.0686017190760193
"Ethiopia",2017,6.61423278334712,0.00312760495037612
"Ethiopia",2018,6.6173603882975,0.102508646456775
"Fiji",2014,8.57420787767232,-0.0376962765664821
"Fiji",2015,8.53651160110583,0.0509145403686606
"Fiji",2016,8.5874261414745,0.0828053640624606
"Fiji",2017,8.67023150553696,0.0434194855083962
"Fiji",2018,8.71365099104535,-0.0223652272455492
"Finland",2014,10.8212527184979,-0.162574472334928
"Finland",2015,10.658678246163,0.0207167964255959
"Finland",2016,10.6793950425886,0.058848132921236
"Finland",2017,10.7382431755098,0.0745960834526738
"Finland",2018,10.8128392589625,-0.0264485732209234
"France",2014,10.6723924099705,-0.161794101012363
"France",2015,10.5105983089581,0.00872914723911222
"France",2016,10.5193274561973,0.0439356530624302
"France",2017,10.5632631092597,0.068212003716587
"France",2018,10.6314751129763,-0.0246849992590974
"Gambia, The",2014,6.34212940390054,0.0868419948809427
"Gambia, The",2015,6.42897139878148,0.0480878854073596
"Gambia, The",2016,6.47705928418884,-0.0116572286629255
"Gambia, The",2017,6.46540205552591,0.0802633696047259
"Gambia, The",2018,6.54566542513064,0.0585314189482187
"Georgia",2014,8.48267107385006,-0.167196998029674
"Georgia",2015,8.31547407582038,0.0137982133653995
"Georgia",2016,8.32927228918578,0.0643403077857236
"Georgia",2017,8.39361259697151,0.0836029525251369
"Georgia",2018,8.47721554949664,-0.0131524389594961
"Germany",2014,10.7989852492101,-0.155681385699539
"Germany",2015,10.6433038635105,0.0247449736218393
"Germany",2016,10.6680488371324,0.0580032114916786
"Germany",2017,10.726052048624,0.0709663739791786
"Germany",2018,10.7970184226032,-0.0259291296705069
"Ghana",2014,7.57745220710265,-0.126384960092621
"Ghana",2015,7.45106724701003,0.105458330316706
"Ghana",2016,7.55652557732674,0.0508410732411626
"Ghana",2017,7.6073666505679,0.0873052142129547
"Ghana",2018,7.69467186478085,-0.00475663025790052
"Greece",2014,9.97463197424469,-0.177576076386577
"Greece",2015,9.79705589785812,-0.0034254756151757
"Greece",2016,9.79363042224294,0.0390050141601517
"Greece",2017,9.83263543640309,0.0645020732183745
"Greece",2018,9.89713750962147,-0.0274466763250985
"Guatemala",2014,8.21314992832619,0.053915186872306
"Guatemala",2015,8.2670651151985,0.0419070176115159
"Guatemala",2016,8.30897213281001,0.0631943799659584
"Guatemala",2017,8.37216651277597,0.00644174246147244
"Guatemala",2018,8.37860825523745,0.035886995387111
"Guinea",2014,6.64006797144535,-0.0235250332525636
"Guinea",2015,6.61654293819279,-0.0484699287591202
"Guinea",2016,6.56807300943367,0.157679008133164
"Guinea",2017,6.72575201756683,0.11294640459562
"Guinea",2018,6.83869842216245,0.0999172048867498
"Guinea-Bissau",2014,6.48007907206737,-0.0107251370742549
"Guinea-Bissau",2015,6.46935393499311,0.0522466635372556
"Guinea-Bissau",2016,6.52160059853037,0.141689411522711
"Guinea-Bissau",2017,6.66329001005308,0.0319297692509855
"Guinea-Bissau",2018,6.69521977930406,-0.00145023275744283
"Haiti",2014,7.28632114879118,-0.0341773023255731
"Haiti",2015,7.25214384646561,-0.0679676530284912
"Haiti",2016,7.18417619343712,0.0566451362673526
"Haiti",2017,7.24082132970447,0.0699831347267592
"Haiti",2018,7.31080446443123,-0.101336965923916
"Honduras",2014,7.68702589743044,0.0410388789146703
"Honduras",2015,7.72806477634511,0.0157878785574264
"Honduras",2016,7.74385265490254,0.0447765835313829
"Honduras",2017,7.78862923843392,0.0211727726112141
"Honduras",2018,7.80980201104514,0.0151745439206596
"Hong Kong SAR, China",2014,10.6044881627799,0.0511737279246027
"Hong Kong SAR, China",2015,10.6556618907045,0.030223748866069
"Hong Kong SAR, China",2016,10.6858856395706,0.0539925724432457
"Hong Kong SAR, China",2017,10.7398782120139,0.0502151401348296
"Hong Kong SAR, China",2018,10.7900933521487,-0.00368570106582666
"Hungary",2014,9.56761322653073,-0.116915231207521
"Hungary",2015,9.45069799532321,0.0300281938074995
"Hungary",2016,9.48072618913071,0.10950432854046
"Hungary",2017,9.59023051767117,0.116341808404341
"Hungary",2018,9.70657232607551,0.021740885758998
"Iceland",2014,10.9073631517729,-0.0302280446847494
"Iceland",2015,10.8771351070881,0.157559801846535
"Iceland",2016,11.0346949089347,0.149867437879788
"Iceland",2017,11.1845623468144,0.0333500940890872
"Iceland",2018,11.2179124409035,-0.0840209413268482
"India",2014,7.34851285696839,0.0191945531578304
"India",2015,7.36770741012622,0.0750834105876281
"India",2016,7.44279082071385,0.132847512992774
"India",2017,7.57563833370662,0.00824743572993558
"India",2018,7.58388576943656,0.0375193845524038
"Indonesia",2014,8.14353719200103,-0.0454347078874076
"Indonesia",2015,8.09810248411363,0.0685311504942021
"Indonesia",2016,8.16663363460783,0.0758287894948708
"Indonesia",2017,8.2424624241027,0.0162070366060743
"Indonesia",2018,8.25866946070877,0.0617661286989364
"Iraq",2014,8.74023950120264,-0.341797888404132
"Iraq",2015,8.39844161279851,-0.0240983048237844
"Iraq",2016,8.37434330797473,0.0935093430828875
"Iraq",2017,8.46785265105761,0.170972040455744
"Iraq",2018,8.63882469151336,0.00444714066085616
"Ireland",2014,10.9556764081908,0.115822364913358
"Ireland",2015,11.0714987731042,-0.000298022271529419
"Ireland",2016,11.0712007508326,0.120131805415305
"Ireland",2017,11.1913325562479,0.113932787297855
"Ireland",2018,11.3052653435458,0.0153908415727084
"Israel",2014,10.5513887850161,-0.0566762966006227
"Israel",2015,10.4947124884155,0.0388926456139451
"Israel",2016,10.5336051340294,0.0876712596272586
"Israel",2017,10.6212763936567,0.0296869719861075
"Israel",2018,10.6509633656428,0.0441770937831478
"Italy",2014,10.4843256807866,-0.162551260673503
"Italy",2015,10.3217744201131,0.0240347730695092
"Italy",2016,10.3458091931826,0.0448508405029653
"Italy",2017,10.3906600336856,0.0651696071686345
"Italy",2018,10.4558296408542,-0.0272352664478746
"Jamaica",2014,8.51220341717271,0.0174904274859031
"Jamaica",2015,8.52969384465861,-0.0105436691854219
"Jamaica",2016,8.51915017547319,0.0486055782008972
"Jamaica",2017,8.56775575367408,0.0588483623872307
"Jamaica",2018,8.62660411606132,0.00521031905543623
"Japan",2014,10.5577742315588,-0.0957961130549627
"Japan",2015,10.4619781185038,0.118920274313803
"Japan",2016,10.5808983928176,-0.0138455992832736
"Japan",2017,10.5670527935344,0.0233408318022121
"Japan",2018,10.5903936253366,0.0165863299397522
"Jordan",2014,8.34073771571632,-0.0360556059360739
"Jordan",2015,8.30468210978025,-0.0139588032969584
"Jordan",2016,8.29072330648329,0.0195973121253505
"Jordan",2017,8.31032061860864,0.0194435704708003
"Jordan",2018,8.32976418907944,0.00593455938985521
"Kazakhstan",2014,9.42768389238322,-0.197921099693945
"Kazakhstan",2015,9.22976279268927,-0.310367559580168
"Kazakhstan",2016,8.91939523310911,0.179240560799631
"Kazakhstan",2017,9.09863579390874,0.0575107942718063
"Kazakhstan",2018,9.15614658818054,-0.00162276224585156
"Kenya",2014,7.30169803434461,0.00424231613465942
"Kenya",2015,7.30594035047927,0.0427283245177037
"Kenya",2016,7.34866867499697,0.0704027906055211
"Kenya",2017,7.41907146560249,0.0965196737613887
"Kenya",2018,7.51559113936388,0.0653167998617334
"Kiribati",2014,7.45974509208906,-0.0573833661559107
"Kiribati",2015,7.40236172593315,0.0608108964087659
"Kiribati",2016,7.46317262234191,0.061416196655049
"Kiribati",2017,7.52458881899696,0.0317021734722029
"Kiribati",2018,7.55629099246916,-0.0883500827999715
"Korea, Rep.",2014,10.2837350609723,-0.01777900864953
"Korea, Rep.",2015,10.2659560523228,0.0187189538907546
"Korea, Rep.",2016,10.2846750062135,0.0762606801156416
"Korea, Rep.",2017,10.3609356863292,0.0567863615624713
"Korea, Rep.",2018,10.4177220478917,-0.0472849970984495
"Kosovo",2014,8.26937117743655,-0.102976371658114
"Kosovo",2015,8.16639480577843,0.0656330345177842
"Kosovo",2016,8.23202784029622,0.0643485889811384
"Kosovo",2017,8.29637642927735,0.0893828804280918
"Kosovo",2018,8.38575930970545,0.00722963536178689
"Kuwait",2014,10.7002913788166,-0.395272689768097
"Kuwait",2015,10.3050186890485,-0.0895093530009401
"Kuwait",2016,10.2155093360476,0.061183651197469
"Kuwait",2017,10.276692987245,0.0989197664731858
"Kuwait",2018,10.3756127537182,-0.0112924414141133
"Kyrgyz Republic",2014,7.14245325607926,-0.134262743753483
"Kyrgyz Republic",2015,7.00819051232578,-0.00215221861336534
"Kyrgyz Republic",2016,7.00603829371241,0.101707002304685
"Kyrgyz Republic",2017,7.1077452960171,0.0496166005448435
"Kyrgyz Republic",2018,7.15736189656194,0.102457203955825
"Latvia",2014,9.62811701976844,-0.130946790122358
"Latvia",2015,9.49717022964608,0.0380415401017515
"Latvia",2016,9.53521176974783,0.0893879824521377
"Latvia",2017,9.62459975219997,0.131093519731463
"Latvia",2018,9.75569327193143,0.00247801318555219
"Lebanon",2014,8.93295726002823,0.0178491384256692
"Lebanon",2015,8.9508063984539,0.0474554889380112
"Lebanon",2016,8.99826188739191,0.0622098893657963
"Lebanon",2017,9.06047177675771,0.0637153948353948
"Lebanon",2018,9.12418717159311,-0.0297201536889684
"Lesotho",2014,7.06777822014105,-0.045624727108879
"Lesotho",2015,7.02215349303217,-0.121934701461798
"Lesotho",2016,6.90021879157037,0.0746031214272582
"Lesotho",2017,6.97482191299763,0.0904973826011704
"Lesotho",2018,7.0653192955988,-0.0787000945148506
"Libya",2014,9.09677078120579,-0.179662631574846
"Libya",2015,8.91710814963094,0.00898464432624557
"Libya",2016,8.92609279395719,0.28082496425303
"Libya",2017,9.20691775821022,0.116446384734171
"Libya",2018,9.32336414294439,-0.116711071613391
"Lithuania",2014,9.70951242509127,-0.141479750960771
"Lithuania",2015,9.5680326741305,0.0465467753520503
"Lithuania",2016,9.61457944948255,0.119584309958976
"Lithuania",2017,9.73416375944153,0.137241573361482
"Lithuania",2018,9.87140533280301,0.0183767650944873
"Low income",2014,6.59909003568277,-0.0402378215124202
"Low income",2015,6.55885221417035,-0.107274240500977
"Low income",2016,6.45157797366938,0.0191979049115512
"Low income",2017,6.47077587858093,0.0128591185092111
"Low income",2018,6.48363499709014,0.0336075291228122
"Luxembourg",2014,11.7254423697494,-0.159336272834109
"Luxembourg",2015,11.5661060969153,0.0135363910956823
"Luxembourg",2016,11.5796424880109,0.0303481050315852
"Luxembourg",2017,11.6099905930425,0.0581122676446277
"Luxembourg",2018,11.6681028606872,-0.035383585689674
"Macao SAR, China",2014,11.3886178248493,-0.231363639086366
"Macao SAR, China",2015,11.1572541857629,-0.0143199875706266
"Macao SAR, China",2016,11.1429341981923,0.117739676311972
"Macao SAR, China",2017,11.2606738745043,0.075058665885992
"Macao SAR, China",2018,11.3357325403903,-0.0216520043087858
"Madagascar",2014,6.22591379253369,-0.127120511605646
"Madagascar",2015,6.09879328092804,0.0192394095261292
"Madagascar",2016,6.11803269045417,0.0801753566869161
"Madagascar",2017,6.19820804714109,0.0173140044985951
"Madagascar",2018,6.21552205163968,-0.00127634367297969
"Malaysia",2014,9.30685988660392,-0.132283510542003
"Malaysia",2015,9.17457637606192,-0.0180024491381605
"Malaysia",2016,9.15657392692376,0.039925911830661
"Malaysia",2017,9.19649983875442,0.100183536899703
"Malaysia",2018,9.29668337565412,0.00168543393014886
"Maldives",2014,9.09818730195465,0.0759979343802293
"Maldives",2015,9.17418523633488,0.0309222124501396
"Maldives",2016,9.20510744878502,0.0549396966697095
"Maldives",2017,9.26004714545473,0.0833618480839622
"Maldives",2018,9.34340899353869,0.0273713022999384
"Mali",2014,6.68104852549634,-0.123103738519663
"Mali",2015,6.55794478697667,0.0362702101258394
"Mali",2016,6.59421499710251,0.0593400406287632
"Mali",2017,6.65355503773128,0.0739805267579969
"Mali",2018,6.72753556448927,-0.017990532711698
"Malta",2014,10.2167133885392,-0.0709898012498513
"Malta",2015,10.1457235872893,0.0357603546693248
"Malta",2016,10.1814839419587,0.136078060385568
"Malta",2017,10.3175620023442,0.0967168901702031
"Malta",2018,10.4142788925144,-0.027986565508014
"Marshall Islands",2014,8.2255672930967,0.00776166516902421
"Marshall Islands",2015,8.23332895826573,0.11658336926579
"Marshall Islands",2016,8.34991232753152,0.0823403395987459
"Marshall Islands",2017,8.43225266713026,0.0561543064702104
"Marshall Islands",2018,8.48840697360047,0.0856087700938666
"Mauritania",2014,7.44600654968322,-0.0968085365406557
"Mauritania",2015,7.34919801314257,0.006932271760137
"Mauritania",2016,7.35613028490271,0.0309624355806859
"Mauritania",2017,7.38709272048339,0.0646919581715197
"Mauritania",2018,7.45178467865491,0.0252949422239448
"Mauritius",2014,9.24632075245587,-0.0864454561455918
"Mauritius",2015,9.15987529631028,0.0470317195383352
"Mauritius",2016,9.20690701584861,0.0842466695774249
"Mauritius",2017,9.29115368542604,0.0713462940792891
"Mauritius",2018,9.36249997950532,-0.0208460533661601
"Mexico",2014,9.34061197538134,-0.128149994609577
"Mexico",2015,9.21246198077176,-0.0966604486890308
"Mexico",2016,9.11580153208273,0.0588368582090286
"Mexico",2017,9.17463839029176,0.0441456097139241
"Mexico",2018,9.21878400000568,0.0278454227672853
"Moldova",2014,8.09862995188301,-0.179436912348991
"Moldova",2015,7.91919303953401,0.0348589387315918
"Moldova",2016,7.95405197826561,0.193024120414957
"Moldova",2017,8.14707609868056,0.185340481560422
"Moldova",2018,8.33241658024098,0.0581548194969255
"Mongolia",2014,8.3251218010074,-0.07217511416167
"Mongolia",2015,8.25294668684573,-0.0587449337866754
"Mongolia",2016,8.19420175305905,0.0071751749857647
"Mongolia",2017,8.20137692804482,0.119227707627974
"Mongolia",2018,8.32060463567279,0.0567622149847526
"Montenegro",2014,8.90759514693742,-0.125396156058182
"Montenegro",2015,8.78219899087923,0.0762321522196849
"Montenegro",2016,8.85843114309892,0.10387832115196
"Montenegro",2017,8.96230946425088,0.12590563726053
"Montenegro",2018,9.08821510151141,0.00667557150978126
"Morocco",2014,8.14189067856972,-0.0879248304120601
"Morocco",2015,8.05396584815766,-0.00171536400435812
"Morocco",2016,8.05225048415331,0.0483741668686033
"Morocco",2017,8.10062465102191,0.0603786210978381
"Morocco",2018,8.16100327211975,0.00182591906923157
"Mozambique",2014,6.54699009626726,-0.132607345109321
"Mozambique",2015,6.41438275115794,-0.324227982120351
"Mozambique",2016,6.09015476903759,0.0645728771927576
"Mozambique",2017,6.15472764623034,0.0942959083759849
"Mozambique",2018,6.24902355460633,0.00305863809499662
"Namibia",2014,8.59013194324105,-0.119169826369111
"Namibia",2015,8.47096211687194,-0.0825828316235224
"Namibia",2016,8.38837928524842,0.157199345142219
"Namibia",2017,8.54557863039064,0.0315063278282093
"Namibia",2018,8.57708495821885,-0.114998421340967
"Nepal",2014,6.71107743191402,0.0637675592323657
"Nepal",2015,6.77484499114638,0.00195438116961277
"Nepal",2016,6.77679937231599,0.164665063868529
"Nepal",2017,6.94146443618452,0.131125755534605
"Nepal",2018,7.07259019171913,0.0201023426327778
"Netherlands",2014,10.8866370521302,-0.154732766697284
"Netherlands",2015,10.7319042854329,0.0219164266627772
"Netherlands",2016,10.7538207120957,0.0561835968559095
"Netherlands",2017,10.8100043089516,0.0859027629604157
"Netherlands",2018,10.895907071912,-0.00744448294998357
"New Zealand",2014,10.7050007988348,-0.14297432767877
"New Zealand",2015,10.5620264711561,0.0363790846076473
"New Zealand",2016,10.5984055557637,0.0685288902632699
"New Zealand",2017,10.666934446027,0.00732540511104141
"New Zealand",2018,10.674259851138,-0.0112006436982739
"Nicaragua",2014,7.57986760251258,0.0575858871519994
"Nicaragua",2015,7.63745348966458,0.0272160771456358
"Nicaragua",2016,7.66466956681022,0.0236111299617123
"Nicaragua",2017,7.68828069677193,-0.0699472922088136
"Nicaragua",2018,7.61833340456312,-0.0383373034143455
"Niger",2014,6.3373740715768,-0.151859980578006
"Niger",2015,6.1855140909988,0.0344923608580654
"Niger",2016,6.22000645185686,0.0372858357243686
"Niger",2017,6.25729228758123,0.103263859224622
"Niger",2018,6.36055614680585,-0.0296037284270012
"North Macedonia",2014,8.68700109839694,-0.118604139990609
"North Macedonia",2015,8.56839695840633,0.0618545649890283
"North Macedonia",2016,8.63025152339536,0.0617848960220329
"North Macedonia",2017,8.69203641941739,0.119912157585116
"North Macedonia",2018,8.81194857700251,0.000724941187039363
"Norway",2014,11.4893158912764,-0.266609503568231
"Norway",2015,11.2227063877082,-0.054141133792097
"Norway",2016,11.1685652539161,0.071656578260189
"Norway",2017,11.2402218321763,0.0838750637603507
"Norway",2018,11.3240968959367,-0.0799586219855968
"Oman",2014,10.0502100068541,-0.208156051923384
"Oman",2015,9.84205395493075,-0.0946244981001598
"Oman",2016,9.74742945683059,0.0406509579920282
"Oman",2017,9.78808041482262,0.110483112575263
"Oman",2018,9.89856352739788,-0.0369304595082074
"Pakistan",2014,7.14410200984661,0.0860774407039946
"Pakistan",2015,7.2301794505506,0.0315312060999782
"Pakistan",2016,7.26171065665058,0.0642512744418298
"Pakistan",2017,7.32596193109241,0.0324473153099341
"Pakistan",2018,7.35840924640234,-0.121050329997392
"Panama",2014,9.48897153019837,0.0637276364269592
"Panama",2015,9.55269916662533,0.0518674709377827
"Panama",2016,9.60456663756312,0.0565072411192951
"Panama",2017,9.66107387868241,0.028683635445562
"Panama",2018,9.68975751412797,0.0200182563885072
"Paraguay",2014,8.80271114219505,-0.123511705771271
"Paraguay",2015,8.67919943642378,-0.0178782591647391
"Paraguay",2016,8.66132117725904,0.0632547521971194
"Paraguay",2017,8.72457592945616,0.0171118867233773
"Paraguay",2018,8.74168781617953,-0.0724292041500245
"Peru",2014,8.80494537701003,-0.0675390833743847
"Peru",2015,8.73740629363565,-0.00235774880884421
"Peru",2016,8.7350485448268,0.0801977935970584
"Peru",2017,8.81524633842386,0.0353416756575253
"Peru",2018,8.85058801408139,0.00835034999051842
"Philippines",2014,7.96096497248437,0.0148946510983725
"Philippines",2015,7.97585962358274,0.0255609411347661
"Philippines",2016,8.00142056471751,0.0175740287675232
"Philippines",2017,8.01899459348503,0.0420222468528006
"Philippines",2018,8.06101684033783,0.0707460486050628
"Poland",2014,9.56537386276751,-0.120948256215771
"Poland",2015,9.44442560655174,-0.0138249518883278
"Poland",2016,9.43060065466341,0.110002737299547
"Poland",2017,9.54060339196296,0.118147396733951
"Poland",2018,9.65875078869691,0.0137199275241429
"Portugal",2014,10.0042684230591,-0.140781259944845
"Portugal",2015,9.86348716311428,0.0390139475479998
"Portugal",2016,9.90250111066228,0.0706237054289591
"Portugal",2017,9.97312481609124,0.0933799964303965
"Portugal",2018,10.0665048125216,-0.00843683394095684
"Qatar",2014,11.4704419973218,-0.328793356745573
"Qatar",2015,11.1416486405762,-0.118870125361216
"Qatar",2016,11.022778515215,0.0325438067245969
"Qatar",2017,11.0553223219396,0.115673931005759
"Qatar",2018,11.1709962529453,-0.0609198007965617
"Romania",2014,9.21351244363308,-0.111089466457098
"Romania",2015,9.10242297717598,0.0465248594824033
"Romania",2016,9.14894783665838,0.13166292909221
"Romania",2017,9.28061076575059,0.153054133962579
"Romania",2018,9.43366489971317,0.0384266726912958
"Russian Federation",2014,9.55076711208859,-0.415396667196417
"Russian Federation",2015,9.13537044489217,-0.0685358212502774
"Russian Federation",2016,9.0668346236419,0.207317107341046
"Russian Federation",2017,9.27415173098294,0.0505781651973471
"Russian Federation",2018,9.32472989618029,0.0208143214658243
"Rwanda",2014,6.58611306168985,0.0123940391298882
"Rwanda",2015,6.59850710081974,-0.00612147658748086
"Rwanda",2016,6.59238562423226,0.0386947841692571
"Rwanda",2017,6.63108040840152,0.0176107332982713
"Rwanda",2018,6.64869114169979,0.0484065856802109
"Samoa",2014,8.28971043987485,0.0252100895713596
"Samoa",2015,8.31492052944621,0.015237045917754
"Samoa",2016,8.33015757536396,0.0379771734161345
"Samoa",2017,8.3681347487801,-0.0177487046094882
"Samoa",2018,8.35038604417061,0.0279914972645603
"Saudi Arabia",2014,10.2065386660229,-0.187333696418968
"Saudi Arabia",2015,10.0192049696039,-0.0426686480645948
"Saudi Arabia",2016,9.97653632153934,0.0702375870623015
"Saudi Arabia",2017,10.0467739086016,0.194471713161374
"Saudi Arabia",2018,10.241245621763,-0.00512024063254479
"Senegal",2014,7.24343532761958,-0.138464841595593
"Senegal",2015,7.10497048602398,0.038994269685702
"Senegal",2016,7.14396475570969,0.0689233300753713
"Senegal",2017,7.21288808578506,0.0681920431583221
"Senegal",2018,7.28108012894338,-0.0148246704788244
"Serbia",2014,8.83734411291024,-0.168233323195549
"Serbia",2015,8.66911078971469,0.027461350100273
"Serbia",2016,8.69657213981497,0.0903483786849257
"Serbia",2017,8.78692051849989,0.143687651167626
"Serbia",2018,8.93060816966752,0.0255665255650825
"Seychelles",2014,9.6282734456346,0.00949606084041754
"Seychelles",2015,9.63776950647502,0.0773982115142893
"Seychelles",2016,9.71516771798931,0.0536658228784166
"Seychelles",2017,9.76883354086772,0.0534566486785799
"Seychelles",2018,9.8222901895463,0.0373244624142348
"Sierra Leone",2014,7.0395967396006,-0.188255032333955
"Sierra Leone",2015,6.85134170726664,-0.119570173145215
"Sierra Leone",2016,6.73177153412143,-0.0616557831519007
"Sierra Leone",2017,6.67011575096953,0.0703025875767924
"Sierra Leone",2018,6.74041833854632,-0.00260652128709449
"Singapore",2014,10.9606665888971,-0.0339081776275325
"Singapore",2015,10.9267584112695,0.0222907708825293
"Singapore",2016,10.9490491821521,0.0722337707954175
"Singapore",2017,11.0212829529475,0.0887835650245989
"Singapore",2018,11.1100665179721,-0.0114190822708906
"Slovak Republic",2014,9.84006462169624,-0.132465678212357
"Slovak Republic",2015,9.70759894348388,0.0117299804747528
"Slovak Republic",2016,9.71932892395863,0.0589088411699681
"Slovak Republic",2017,9.7782377651286,0.10368756963963
"Slovak Republic",2018,9.88192533476823,-0.00858472043669956
"Slovenia",2014,10.086353469889,-0.14859614906057
"Slovenia",2015,9.93775732082842,0.0356217956496003
"Slovenia",2016,9.97337911647802,0.0829616049105262
"Slovenia",2017,10.0563407213885,0.105195956857937
"Slovenia",2018,10.1615366782465,-0.00285788288448252
"Solomon Islands",2014,7.68014988444671,-0.0567626649012007
"Solomon Islands",2015,7.62338721954551,0.0179995246992872
"Solomon Islands",2016,7.6413867442448,0.0288433683386398
"Solomon Islands",2017,7.67023011258344,0.0609136063383424
"Solomon Islands",2018,7.73114371892178,-0.0242316927010604
"South Africa",2014,8.83298613063831,-0.11493199958476
"South Africa",2015,8.71805413105355,-0.0784299045522197
"South Africa",2016,8.63962422650133,0.157974892762541
"South Africa",2017,8.79759911926387,0.043730250379971
"South Africa",2018,8.84132936964384,-0.0565989765006005
"Spain",2014,10.2987301715894,-0.134039092982063
"Spain",2015,10.1646910786074,0.0292503955048655
"Spain",2016,10.1939414741122,0.0590734130545005
"Spain",2017,10.2530148871667,0.0754830630900631
"Spain",2018,10.3284979502568,-0.0270332159569691
"Sudan",2014,7.15104520556325,0.0131952738525953
"Sudan",2015,7.16424047941584,-0.223808988580324
"Sudan",2016,6.94043149083552,-0.0667443191573014
"Sudan",2017,6.87368717167822,-0.279236139720465
"Sudan",2018,6.59445103195775,-0.0292208783031205
"Sweden",2014,10.9951375606789,-0.151682732286558
"Sweden",2015,10.8434548283924,0.0120842916534389
"Sweden",2016,10.8555391200458,0.0281686012353806
"Sweden",2017,10.8837077212812,0.0163945908592034
"Sweden",2018,10.9001023121404,-0.045477357925968
"Switzerland",2014,11.3932968754014,-0.0570316515568727
"Switzerland",2015,11.3362652238445,-0.0199256751512848
"Switzerland",2016,11.3163395486933,0.0012323334728972
"Switzerland",2017,11.3175718821662,0.0353886731368664
"Switzerland",2018,11.352960555303,-0.0129379700912846
"Tajikistan",2014,6.98614495561391,-0.122429017410166
"Tajikistan",2015,6.86371593820374,-0.19331662804406
"Tajikistan",2016,6.67039931015968,0.0503721376179804
"Tajikistan",2017,6.72077144777766,0.00580770367587746
"Tajikistan",2018,6.72657915145354,0.0430885115214235
"Tanzania",2014,6.93024880510945,-0.0852977447838859
"Tanzania",2015,6.84495106032557,0.014675115248318
"Tanzania",2016,6.85962617557388,0.0347135268321903
"Tanzania",2017,6.89433970240608,0.0362589310739088
"Tanzania",2018,6.93059863347998,0.0385550948956084
"Thailand",2014,8.66581970831293,-0.0195557210082509
"Thailand",2015,8.64626398730468,0.0251216812367208
"Thailand",2016,8.6713856685414,0.0947111090766004
"Thailand",2017,8.766096777618,0.101721806183543
"Thailand",2018,8.86781858380155,0.0688342114376059
"Timor-Leste",2014,7.11049167595851,0.0745869390410325
"Timor-Leste",2015,7.18507861499954,0.0120152893426493
"Timor-Leste",2016,7.19709390434219,-0.0533359639345239
"Timor-Leste",2017,7.14375794040767,-0.0375896148995931
"Timor-Leste",2018,7.10616832550807,0.247787389307024
"Togo",2014,6.75178577848625,-0.130310348730561
"Togo",2015,6.62147542975569,0.0282624466806372
"Togo",2016,6.64973787643633,0.0257895728367128
"Togo",2017,6.67552744927304,0.0710383771239389
"Togo",2018,6.74656582639698,-0.0296555407907695
"Tonga",2014,8.32762708927883,-0.00307170707485049
"Tonga",2015,8.32455538220398,-0.0335136959626929
"Tonga",2016,8.29104168624129,0.0905446638388252
"Tonga",2017,8.38158635008012,0.0606457115315031
"Tonga",2018,8.44223206161162,0.00814757538021382
"Tunisia",2014,8.40267508494825,-0.104895475588599
"Tunisia",2015,8.29777960935965,-0.0425218529314115
"Tunisia",2016,8.25525775642824,-0.0612957599840591
"Tunisia",2017,8.19396199644418,0.00250338797689409
"Tunisia",2018,8.19646538442108,-0.0277317946127855
"Turkiye",2014,9.40633635123145,-0.0961510868195834
"Turkiye",2015,9.31018526441186,-0.00726152792435464
"Turkiye",2016,9.30292373648751,-0.0253406716939502
"Turkiye",2017,9.27758306479356,-0.111316315760194
"Turkiye",2018,9.16626674903337,-0.0376310776845283
"Uganda",2014,6.79800156679696,-0.0376626486885208
"Uganda",2015,6.76033891810844,-0.136676730748182
"Uganda",2016,6.62366218736026,0.0164990074463063
"Uganda",2017,6.64016119480656,0.0346093925491902
"Uganda",2018,6.67477058735575,0.0370392191600075
"Ukraine",2014,8.0245048230364,-0.377447154916157
"Ukraine",2015,7.64705766812024,0.0300931629285417
"Ukraine",2016,7.67715083104879,0.187763610881567
"Ukraine",2017,7.86491444193035,0.160945821985877
"Ukraine",2018,8.02586026391623,0.168330800393422
"United Kingdom",2014,10.7672129516406,-0.0535868041376144
"United Kingdom",2015,10.713626147503,-0.0926589852114112
"United Kingdom",2016,10.6209671622916,-0.0101307156170236
"United Kingdom",2017,10.6108364466746,0.0628476132436546
"United Kingdom",2018,10.6736840599182,-0.0126076376382827
"United States",2014,10.9206062229828,0.030905482344199
"United States",2015,10.951511705327,0.0202425678116569
"United States",2016,10.9717542731386,0.035702219225092
"United States",2017,11.0074564923637,0.0466196358938156
"United States",2018,11.0540761282575,0.0373262087624706
"Uruguay",2014,9.81588114473259,-0.06753383014156
"Uruguay",2015,9.74834731459103,-0.00680481566271318
"Uruguay",2016,9.74154249892832,0.120323920590595
"Uruguay",2017,9.86186641951891,0.00339681110127721
"Uruguay",2018,9.86526323062019,-0.0497474093389911
"Uzbekistan",2014,7.89169076689716,0.0468226306995083
"Uzbekistan",2015,7.93851339759667,-0.0179290472511866
"Uzbekistan",2016,7.92058435034548,-0.228651713520322
"Uzbekistan",2017,7.69193263682516,-0.189147373674807
"Uzbekistan",2018,7.50278526315035,0.11859842034989
"Vanuatu",2014,7.99554476854065,-0.0774287214493734
"Vanuatu",2015,7.91811604709127,0.0439511539968835
"Vanuatu",2016,7.96206720108816,0.0962370549106835
"Vanuatu",2017,8.05830425599884,0.0146900596747361
"Vanuatu",2018,8.07299431567358,0.000236102578927699
"Viet Nam",2014,7.84242984586802,0.0121720827603919
"Viet Nam",2015,7.85460192862841,0.0593068839725452
"Viet Nam",2016,7.91390881260096,0.077720654499716
"Viet Nam",2017,7.99162946710067,0.0862243151604192
"Viet Nam",2018,8.07785378226109,0.0656346356126107
"West Bank and Gaza",2014,8.11734605143162,-0.0241421897845466
"West Bank and Gaza",2015,8.09320386164708,0.0751730891709279
"West Bank and Gaza",2016,8.168376950818,0.0259519310880485
"West Bank and Gaza",2017,8.19432888190605,-0.0161585130516428
"West Bank and Gaza",2018,8.17817036885441,0.026189293006631
"Zambia",2014,7.44277723474824,-0.275833585269114
"Zambia",2015,7.16694364947913,-0.044814941324316
"Zambia",2016,7.12212870815481,0.18000765952022
"Zambia",2017,7.30213636767503,-0.013276995842908
"Zambia",2018,7.28885937183212,-0.150797300516651
"Zimbabwe",2014,7.22417988445332,0.0103023331833265
"Zimbabwe",2015,7.23448221763665,0.0150280084199883
"Zimbabwe",2016,7.24951022605663,0.896063343085459
"Zimbabwe",2017,8.14557356914209,-0.417222344641746
"Zimbabwe",2018,7.72835122450035,-0.299407459764099
